#,Add I,POS I,Component I,POS II,Component II,Add II
1,,adj,abstract,n,concept,
2,,adj,academic,n,achievement,
3,,adj,academic,n,career,
4,(in),adj,academic,n,circles,
5,,adj,academic,n,community,
6,,adj,academic,n,debate,
7,,adj,academic,n,discipline,
8,,adj,academic,n,discourse,
9,,adj,academic,n,institution,
10,,adj,academic,n,journal,
11,,adj,academic,n,life,
12,,adj,academic,n,performance,
13,,adj,academic,n,research,
14,,adj,academic,n,skills,
15,,adj,academic,n,study,
16,,adj,academic,n,success,
17,,adj,academic,n,work,
18,,adj,academic,n,world,
19,,adj,academic,n,writing,
20,,adj,academic,n,year,
21,,v,accept,n,responsibility,
22,,adj,acceptable,n,behaviour,
23,,adj,accurate,n,assessment,
24,,adj,accurate,n,description,
25,,adj,accurate,n,information,
26,,adj,accurate,n,measurement,
27,,adj,accurate,n,picture,
28,,adj,accurate,n,record,
29,,v,achieve,n,(a) goal,
30,,v,achieve,n,(an) objective,
31,,v,achieve,n,(an) outcome,
32,,v,acquire,n,knowledge,
33,,adj,active,n,involvement,
34,,adj,active,n,participant,
35,,adj,active,n,participation,
36,,adj,active,n,role,
37,(be),adv,actively,vpp,involved,
38,,adv,acutely,adj,aware,(of)
39,,v,add,n,information,
40,,adj,additional,n,cost,
41,,adj,additional,n,information,
42,,adj,additional,n,problem,
43,,adj,additional,n,resources,
44,,adj,additional,n,support,
45,,v,address,n,(an) issue,
46,,adj,administrative,n,practices,
47,,v,adopt,n,(a) procedure,
48,,v,adopt,n,(an) approach,
49,,adj,advanced,n,economy,
50,,adj,advanced,n,technology,
51,,adj,adverse,n,effect,
52,,adj,adverse,n,reaction,
53,,adv,adversely,v,affect,
54,,v ,affect,n,(the) outcome,
55,,v,affect,n,(the) development,(of)
56,,v,allocate,n,resources,
57,,v,allow ,n,access,(to)
58,,adv,almost,adj,identical,
59,,adj,alternative,n,approach,
60,,adj,alternative,n,explanation,
61,,adj,alternative,n,form,
62,,adj,alternative,n,interpretation,
63,,adj,alternative,n,means,
64,,adj,alternative,n,method,
65,,adj,alternative,n,model,
66,,adj,alternative,n,solution,
67,,adj,alternative,n,source,
68,,adj,alternative,n,strategy,
69,,adj,alternative,n,view,
70,,adj,alternative,n,way,
71,(be),adj,ample,n,evidence,
72,,adj,analytical,n,approach,
73,,adj,analytical,n,tool,
74,,adj,anecdotal,n,evidence,
75,,adj,annual,n,conference,
76,,adj,annual,n,meeting,
77,,adj,annual,n,rate,
78,,adj,annual,n,report,
79,,adj,annual,n,review,
80,,v,apply,adv,equally,
81,,v,apply,n,(a) method,
82,,v,apply,n,(the) theory,
83,,adj,appropriate,n,action,
84,,adj,appropriate,n,behaviour,
85,,adj,appropriate,n,conditions,
86,,adj,appropriate,n,data,
87,,adj,appropriate,n,form,
88,,adj,appropriate,n,language,
89,,adj,appropriate,n,level,
90,,adj,appropriate,n,point,
91,,adj,appropriate,n,response,
92,,adj,appropriate,n,skills,
93,,adj,appropriate,n,treatment,
94,,adj,appropriate,n,way,
95,,adj,armed,n,conflict,
96,,adj,artificial,n,intelligence,
97,,v,assess,n,(the) impact,(of)
98,(the),n,assessment,n,process,
99,,adj,associated,n,factors,
100,,v,assume,n,responsibility,
101,,v,assume,n,(the) role,(of)
102,,adj,atomic,n,energy,
103,,v,attend,n,(a) conference,
104,,adj,available,n,data,
105,,adj,available,n,evidence,
106,,adj,available,n,information,
107,,adj,available,n,resources,
108,,adj,average,n,score,
109,,n,background,n,knowledge,
110,,adj,basic,n,assumption,
111,,adj,basic,n,component,
112,,adj,basic,n,concept,
113,,adj,basic,n,element,
114,,adj,basic,n,function,
115,,adj,basic,n,information,
116,,adj,basic,n,premise,
117,,adj,basic,n,principle,
118,,adj,basic,n,research,
119,,adj,basic,n,structure,
120,,adj,basic,n,technique,
121,,v,bear,n,resemblance,(to)
122,,v,become,adj,apparent,
123,,v,become,adj,available,
124,,v,become,adj,aware,(of)
125,,v,become,adj,blurred,
126,,v,become,adj,established,
127,,v,become,adj,evident,
128,,v,become,adj,independent,
129,,v ,become,adj,involved,(with/in)
130,,v,become,adj,obvious,
131,,v,become,adj,visible,
132,,v,become,adj,widespread,
133,,v,become,n,(a) source,(of)
134,,v,become,n,(the) focus,(of)
135,,v,begin,n,(a) process,
136,,v,behave,adv,differently,
137,,adj,beneficial,n,effect,
138,(be),adv,best,vpp,described,(as/in terms of)
139,,adj,binary,n,opposition,
140,,adj,binary,n,system,
141,,adj,biological,n,evolution,
142,,adj,biological,n,science,
143,,adj,biological,n,sex,
144,,adj,brief,n,account,
145,,adj,brief,n,description,
146,,adj,brief,n,discussion,
147,,adj,brief,n,history,
148,,adj,brief,n,introduction,
149,,adj,brief,n,overview,
150,,adj,brief,n,period,
151,,adj,brief,n,review,
152,,adj,brief,n,summary,
153,(a),adj,brief,n,time,
154,,adv,briefly,v,describe,
155,,adv,briefly,v,discuss,
156,,adj,broad,n,agreement,
157,,adj,broad,n,category,
158,,adj,broad,n,definition,
159,(a),adj,broad,n,range,(of)
160,,adj,broad,n,spectrum,
161,,adj,broader,n,context,
162,(be),adv,broadly,vpp,defined,
163,,adv,broadly,adj,similar,
164,,n ,business,n,sector,
165,,n,business,n,transaction,
166,,adj,capitalist,n,country,
167,,adj,capitalist,n,economy,
168,,adj,capitalist,n,society,
169,,adj,capitalist,n,system,
170,,adj,capitalist,n,world,
171,,n,career,n,development,
172,,n,career,n,opportunity,
173,,adj,careful,n,analysis,
174,,adj,careful,n,attention,
175,,adj,careful,n,consideration,
176,,adj,careful,n,thought,
177,(be),adv,carefully,vpp,controlled,
178,(be),adv,carefully,vpp,selected,
179,,v,carry,n,information,
180,,v,carry out,n,research,(of)
181,,v,carry out,n,(the) task,
182,,v,cast,n,doubt,(on)
183,,adj,causal,n,link,
184,,adj,causal,n,relation,
185,,adj,causal,n,relationship,
186,,v,cause,n,consequences,
187,,v,cause,n,stress,
188,,adj,central,n,authority,
189,,adj,central,n,concept,
190,,adj,central,n,concern,
191,,adj,central,n,control,
192,,adj,central,n,core,
193,,adj,central,n,feature,
194,,adj,central,n,focus,
195,,adj,central,n,government,
196,,adj,central,n,importance,
197,,adj,central,n,issue,
198,,adj,central,n,part,
199,,adj,central,n,point,
200,,adj,central,n,position,
201,,adj,central,n,problem,
202,,adj,central,n,question,
203,,adj,central,n,role,
204,,adj,central,n,tenet,
205,,adj,central,n,theme,
206,,adj,certain,n,aspect,
207,,adj,certain,n,assumptions,
208,,adj,certain,n,characteristics,
209,,adj,certain,n,circumstances,
210,,v,change,adv,constantly,
211,,v,change,adv,dramatically,
212,,v,change,adv,rapidly,
213,,v,change,n,(an) attitude,
214,,adj,changing,n,attitudes,
215,,adj,changing,n,circumstances,
216,,adj,changing,n,nature,
217,,adj,changing,n,needs,
218,,adj,changing,n,pattern,
219,,adj,changing,n,world,
220,,adj,characteristic,n,feature,
221,,adj,chemical,n,reaction,
222,,adj,civil,n,case,
223,,adj,civil,n,society,
224,,n,class,n,consciousness,
225,,adj,classic,n,example,
226,,adj,classic,n,study,
227,,adj,classic,n,text,
228,,adj,classic,n,work,
229,,adj,classical,n,theory,
230,,adj,clear,n,boundary,
231,,adj,clear,n,distinction,
232,(no),adj,clear,n,evidence,
233,,adj,clear,n,focus,
234,,adj,clear,n,indication,
235,,adj,clear,n,relationship,
236,,adj,clear,n,statement,
237,,adj,clear,n,structure,
238,(be),adv,clearly,vpp,defined,
239,(be),adv,clearly,vpp,demonstrated,
240,(be),adv,clearly,vpp,established,
241,,adv,clearly,adj,evident,
242,(be),adv,clearly,vpp,identified,
243,,adv,clearly,adj,important,
244,(be),adv,clearly,vpp,related,(to)
245,,adv,clearly,v,understand,
246,,adv,clearly,adj,visible,
247,,n,climate,n,change,
248,,adj,climatic,n,conditions,
249,,adj,close,n,contact,
250,,adj,close,n,proximity,
251,,adj,close,n,relationship,
252,,adj,close,n,scrutiny,
253,(be),adv,closely,vpp,allied,(to/with)
254,(be),adv,closely,vpp,associated,(with)
255,(be),adv,closely,vpp,connected,(to/with)
256,(be),adv,closely,vpp,linked,(to/with)
257,(be),adv,closely,vpp,related,(to)
258,,adv,closely,v,resemble,
259,(be),adv,closely,vpp,tied,
260,(upon/on),adj,closer,n,examination,
261,(on/upon),adj,closer,n,inspection,
262,,adj,closer,n,look,
263,,adj,cognitive,n,ability,
264,,adj,cognitive,n,development,
265,,adj,cognitive,n,skills,
266,,adj,collaborative,n,learning,
267,,v,collect,n,data,
268,,v,collect,n,information,
269,,adj,collective,n,action,
270,,adj,collective,n,identity,
271,,adj,collective,n,memory,
272,,adj,combined,n,effect,
273,(to),v,come into,n,conflict,(with)
274,(to),v,come into ,n,contact,(with)
275,,adj,commercial,n,activity,
276,,adj,commercial,n,transaction,
277,(to),v,commit,n,(a) crime,
278,(to),v,commit,n,(an) offence,
279,,adj,common,n,ancestor,
280,,adj,common,n,approach,
281,,adj,common,n,assumption,
282,,adj,common,n,characteristic,
283,,adj,common,n,culture,
284,,adj,common,n,error,
285,,adj,common,n,feature,
286,,adj,common,n,goal,
287,,adj,common,n,method,
288,,adj,common,n,source,
289,,adj,common,n,theme,
290,,adj,common,n,usage,
291,(be),adv,commonly,vpp,accepted,
292,(be),adv,commonly,vpp,associated,(with)
293,(be),adv,commonly,vpp,called,
294,(be),adv,commonly,vpp,encountered,
295,(be),adv,commonly,vpp,found,(in)
296,(be),adv,commonly,vpp,known,(as)
297,(be),adv,commonly,vpp,referred,(to/as)
298,(be),adv,commonly,vpp,used,
299,,v,communicate,adv,effectively,
300,,adj,comparative,n,analysis,
301,,adj,comparative,n,research,
302,,adj,comparative,n,study,
303,(the most),adj,compelling,n,argument,
304,,adj,compelling,n,evidence,
305,,adj,compelling,n,reason,
306,,adj,competitive,n,market,
307,,adj,competitive,n,pressure,
308,(to),v,complete,n,(a) task,
309,,adj,complex,n,area,
310,,adj,complex,n,interaction,
311,(a),adj,complex,n,issue,
312,,adj,complex,n,pattern,
313,,adj,complex,n,problem,
314,,adj,complex,n,process,
315,,adj,complex,n,question,
316,,adj,complex,n,relationship,
317,,adj,complex,n,set,
318,,adj,complex,n,situation,
319,,adj,complex,n,structure,
320,,adj,complex,n,system,
321,,adj,comprehensive,n,account,
322,,adj,comprehensive,n,approach,
323,,adj,comprehensive,n,overview,
324,,adj,comprehensive,n,review,
325,,adj,comprehensive,n,system,
326,,adj,conceptual,n,framework,
327,,adj,concerted,n,effort,
328,,adj,concluding,n,remarks,
329,,adj,concluding,n,section,
330,,adj,conditional ,n,probability,
331,,v,conduct,n,research,
332,,v,conduct,n,(a) study,
333,,v,conduct,n,(a) survey,
334,,v,conduct,n,(an) analysis,
335,,v,conduct,n,(an) interview,
336,,n,conflict,n,resolution,
337,,adj,conflicting,n,interests,
338,,v,consider,adj,appropriate,
339,,v,consider,adj,relevant,
340,,v,consider,n,(a) possibility,
341,,v,consider,n,(an) aspect,
342,,v,consider,n,(an) issue,
343,,v,consider,n,(the) impact,(of)
344,,v,consider,n,(the) implications,
345,,v,consider,n,(the) role,(of)
346,(a),adj,considerable,n,amount,(of)
347,,adj,considerable,n,attention,
348,,adj,considerable,n,debate,
349,(a),adj,considerable,n,degree,(of)
350,(in),adj,considerable,n,detail,
351,,adj,considerable,n,effort,
352,,adj,considerable,n,evidence,
353,(to a),adj,considerable,n,extent,
354,(be of),adj,considerable,n,importance,
355,,adj,considerable,n,influence,
356,,adj,considerable,n,interest,
357,,adj,considerable,n,research,
358,,adj,considerable,n,support,
359,,adj,considerable,n,variation,
360,,adj,consistent,n,pattern,
361,,adj,consistent,n,results,
362,,adj,constant,n,rate,
363,,adj,constituent,n,elements,
364,,adj,constituent,n,parts,
365,,v,contain,n,information,
366,,v,contain,n,(an) element,
367,,adj,contemporary,n,debate,
368,,adj,contemporary,n,issue,
369,,adj,contemporary,n,life,
370,,adj,contemporary,n,society,
371,,adj,contemporary,n,world,
372,,adj,contextual,n,factors,
373,,adj,continued,n,existence,
374,,adj,continued,n,growth,
375,,adj,continued,n,use,
376,,adj,continuous,n,process,
377,,v,contribute,adv,significantly,
378,,v,contribute to,n,(the) development,(of)
379,,adj,controversial,n,issue,
380,,adj,conventional,n,view,
381,,adj,conventional,n,wisdom,
382,,v,convey,n,information,
383,,v,convey,n,meaning,
384,,v,convey,n,(a) message,
385,,adj,convincing,n,evidence,
386,,adj,coping,n,strategy,
387,,adj,core,n,area,
388,,adj,core,n,element,
389,,adj,core,n,issue,
390,,adj,core,n,skills,
391,,adj,core,n,value,
392,,adj,correct,n,interpretation,
393,,v,correct,n,(an) error,
394,,adj,counter,n,argument,
395,,v,cover,n,(a) range,(of)
396,,v,cover,n,(a) topic,
397,,v,cover,n,(an) area,
398,,v,create,n,conditions,
399,,v,create,n,opportunities,
400,,v,create,n,problems,
401,,v,create,n,(an) environment,
402,,v,create,n,(an) impression,
403,,v,create,n,(an) opportunity,
404,,adj,creative,n,process,
405,,adj,creative,n,thinking,
406,,adj,creative,n,work,
407,,adj,criminal,n,offence,
408,,adj,critical,n,analysis,
409,,adj,critical,n,approach,
410,,adj,critical,n,attention,
411,,adj,critical,n,essay,
412,,adj,critical,n,evaluation,
413,,adj,critical,n,examination,
414,,adj,critical,n,factor,
415,,adj,critical,n,importance,
416,,adj,critical,n,inquiry,
417,,adj,critical,n,introduction,
418,,adj,critical,n,issue,
419,,adj,critical,n,perspective,
420,,adj,critical,n,point,
421,,adj,critical,n,reflection,
422,,adj,critical,n,review,
423,,adj,critical,n,role,
424,,adj,critical,n,scrutiny,
425,,adj,critical,n,theory,
426,,adj,critical,n,thinking,
427,,adj,critical,n,writing,
428,,adv,critically,v,evaluate,
429,,adj,crucial,n,difference,
430,,adj,crucial,n,factor,
431,,adj,crucial,n,importance,
432,,adj,crucial,n,part,
433,,adj,crucial,n,point,
434,,adj,crucial,n,question,
435,,adj,crucial,n,role,
436,,adj,cultural,n,activity,
437,,adj,cultural,n,aspect,
438,,adj,cultural,n,attitudes,
439,,adj,cultural,n,background,
440,,adj,cultural,n,boundary,
441,,adj,cultural,n,change,
442,,adj,cultural,n,context,
443,,adj,cultural,n,difference,
444,,adj,cultural,n,dimension,
445,,adj,cultural,n,diversity,
446,,adj,cultural,n,factors,
447,,adj,cultural,n,heritage,
448,,adj,cultural,n,history,
449,,adj,cultural,n,identity,
450,,adj,cultural,n,influence,
451,,adj,cultural,n,institution,
452,,adj,cultural,n,issue,
453,,adj,cultural,n,life,
454,,adj,cultural,n,norm,
455,,adj,cultural,n,perspective,
456,,adj,cultural,n,phenomenon,
457,,adj,cultural,n,practice,
458,,adj,cultural,n,significance,
459,,adj,cultural,n,theory,
460,,adj,cultural,n,tradition,
461,,adj,cultural,n,values,
462,,adv,culturally,adj,specific,
463,(in the),adj,current,n,climate,
464,,adj,current,n,issue,
465,,adj,current,n,policy,
466,,adj,current,n,research,
467,,adj,current,n,status,
468,,adj,current,n,technology,
469,,adj,current,n,trend,
470,,adv,currently,adj,available,
471,,adj,daily,n,living,
472,,n,data,n,gathering,
473,,n,data,n,set,
474,,v,deal with,n,(an) issue,
475,,v,deem,adj,appropriate,
476,,v,deem,adj,necessary,
477,(a),adj,deep,n,understanding,(of)
478,(at/on a),adj,deeper,n,level,
479,(be),adv,deeply,vpp,embedded,
480,(be),adv,deeply,vpp,rooted,
481,(a),adj,defining,n,characteristic,
482,(a),adj,defining,n,concept,
483,(a),adj,defining,n,feature,
484,(a),adj,deliberate,n,attempt,
485,(a),adj,democratic,n,institution,
486,(a),adj,democratic,n,process,
487,(a),adj,democratic,n,society,
488,(a),adj,democratic,n,state,
489,(a),adj,demographic,n,change,
490,(a),adj,demographic,n,characteristic,
491,(a),adj,demographic,n,factor,
492,,v,demonstrate,n,competence,
493,(be),adv,densely,vpp,populated,
494,,v,deny,n,access,(to)
495,,adj,dependent,n,variable,
496,,v,describe,n,(a) method,
497,,v,describe,n,(a) process,
498,,v,describe,n,(a) procedure,
499,,adj,descriptive,n,statistics,
500,,adj,desired,n,outcome,
501,,adj,detailed,n,analysis,
502,,adj,detailed,n,examination,
503,,adj,detailed,n,information,
504,,adj,detailed,n,study,
505,,v,develop,n,(a) method,
506,,v,develop,n,(a) strategy,
507,,v,develop,n,(a) technique,
508,,v,develop,n,(a) theory,
509,,v,develop,n,(an) approach,
510,,v,develop,n,(an) argument,
511,,adj,developmental,n,process,
512,,adj,developmental,n,stage,
513,,adj,diagnostic,n,test,
514,,v,differ,adv,considerably,
515,,v,differ,adv,significantly,
516,,v,differ,adv,widely,
517,,adj,digital,n,information,
518,,adj,digital,n,media,
519,,adj,digital,n,technology,
520,,adj,direct,n,access,
521,,adj,direct,n,communication,
522,,adj,direct,n,consequences,
523,,adj,direct,n,contact,
524,,adj,direct,n,evidence,
525,,adj,direct,n,impact,
526,,adj,direct,n,involvement,
527,,adj,direct,n,link,
528,,adj,direct,n,observation,
529,,adj,direct,n,relationship,
530,,adj,direct,n,role,
531,,adv,directly,v,affect,
532,(be),adv,directly,vpp,affected,
533,(be),adv,directly,vpp,connected,(to/with)
534,(be),adv,directly,vpp,involved,(in)
#535,(be),adv,directly,vpp,linked,(to)
536,(be),adv,directly,vpp,linked,(to/with)
537,(be),adv,directly,adj,proportional,(to)
538,(be),adv,directly,vpp,related,(to)
539,(be),adv,directly,adj,responsible,(for)
540,,v,disclose,n,information,
541,,v,discuss,n,(a) topic,
542,,v,discuss,n,(an) issue,
543,,adj,disposable,n,income,
544,,adj,distinct,n,group,
545,,adj,distinct,n,type,
546,,adj,distinctive,n,feature,
547,,adj,distinguishing,n,feature,
548,,adj,diverse,n,background,
549,,adj,diverse,n,group,
550,(a),adj,diverse,n,range,(of)
551,,adj,dividing,n,line,
552,,adj,documentary,n,evidence,
553,,adj,domestic,n,market,
554,,adj,domestic,n,sphere,
555,,adj,domestic,n,violence,
556,,adj,dominant,n,culture,
557,,adj,dominant,n,discourse,
558,,adj,dominant,n,form,
559,,adj,dominant,n,group,
560,,adj,dominant,n,ideology,
561,,adj,dominant,n,paradigm,
562,,adj,dominant,n,position,
563,,adj,dominant,n,role,
564,,adj,dramatic,n,change,
565,,adj,dramatic,n,effect,
566,,adj,dramatic,n,increase,
567,,v,draw,n,attention,(to)
568,,v,draw,n,(a) conclusion,
569,,v,draw,n,(a) distinction,
570,,v,draw,n,(a) line,
571,,adj,driving,n,force,
572,,adj,due,n,process,
573,,adj,dynamic,n,equilibrium,
574,,adj,dynamic,n,nature,
575,,adj,dynamic,n,process,
576,,adj,dynamic,n,system,
577,,adj,earlier,n,discussion,
578,,adj,earlier,n,period,
579,,adj,earlier,n,research,
580,,adj,earlier,n,stage,
581,,adj,earlier,n,study,
582,,adj,earlier,n,times,
583,,adj,earlier,n,version,
584,,adj,earlier,n,work,
585,,adj,early,n,decades,
586,,adj,early,n,study,
587,,adv,easily,adj,accessible,
588,(be),adv,easily,vpp,identified,
589,(be),adv,easily,vpp,understood,
590,,adj,easy,n,access,
591,,adj,economic,n,activity,
592,,adj,economic,n,affairs,
593,,adj,economic,n,analysis,
594,,adj,economic,n,benefits,
595,,adj,economic,n,change,
596,,adj,economic,n,conditions,
597,,adj,economic,n,consequences,
598,,adj,economic,n,context,
599,,adj,economic,n,crisis,
600,,adj,economic,n,exploitation,
601,,adj,economic,n,factors,
602,,adj,economic,n,forces,
603,,adj,economic,n,goal,
604,,adj,economic,n,growth,
605,,adj,economic,n,inequality,
606,,adj,economic,n,integration,
607,,adj,economic,n,interests,
608,,adj,economic,n,policy,
609,,adj,economic,n,power,
610,,adj,economic,n,prosperity,
611,,adj,economic,n,reform,
612,,adj,economic,n,relations,
613,,adj,economic,n,relationships,
614,,adj,economic,n,resources,
615,,adj,economic,n,sector,
616,,adj,economic,n,stability,
617,,adj,economic,n,status,
618,,adj,economic,n,structure,
619,,adj,economic,n,success,
620,,adj,economic,n,system,
621,,adj,economic,n,theory,
622,,adj,economic,n,value,
623,,adj,economic,n,welfare,
624,,adj,educational,n,institution,
625,,adj,educational,n,opportunity,
626,,adj,educational,n,policy,
627,,adj,educational,n,programme,
628,,adj,educational,n,provision,
629,,adj,educational,n,qualification,
630,,adj,educational,n,research,
631,,adj,educational,n,setting,
632,,adj,educational,n,system,
633,,adj,effective,n,communication,
634,,adj,effective,n,implementation,
635,,adj,effective,n,intervention,
636,,adj,effective,n,management,
637,,adj,effective,n,method,
638,,adj,effective,n,participation,
639,,adj,effective,n,policy,
640,,adj,effective,n,treatment,
641,,adj,electronic,n,access,
642,,adj,electronic,n,communication,
643,,adj,electronic,n,media,
644,,adj,electronic,n,resources,
645,,adj,electronic,n,version,
646,,adj,emotional,n,impact,
647,,adj,emotional,n,intelligence,
648,,adj,emotional,n,reaction,
649,,adj,emotional,n,response,
650,,adj,emotional,n,support,
651,,adj,empirical,n,data,
652,,adj,empirical,n,evidence,
653,,adj,empirical,n,investigation,
654,,adj,empirical,n,research,
655,,adj,empirical,n,study,
656,,adj,empirical,n,support,
657,,adj,empirical,n,work,
658,,v,employ,n,(a) method,
659,,v,employ,n,(a) technique,
660,,n,employment,n,opportunities,
661,,v,encounter,n,difficulties,
662,,v,encounter,n,problems,
663,,v,encourage,n,(the) development,(of)
664,,v,engage in,n,(an) activity,
665,,v,enhance,n,learning,
666,,v,enhance,n,performance,
667,(an),adj,enormous,n,amount,(of)
668,(an),adj,enormous,n,impact,
669,,adj,entire,n,period,
670,(the),adj,entire,n,range,(of)
671,,adv,entirely,adj,clear,
672,,adv,entirely,adj,different,
673,,adv,entirely,adj,new,
674,,adj,environmental,n,changes,
675,,adj,environmental,n,concern,
676,,adj,environmental,n,consequences,
677,,adj,environmental,n,damage,
678,,adj,environmental,n,degradation,
679,,adj,environmental,n,effects,
680,,adj,environmental,n,factors,
681,(the),adj,environmental,n,impact,(of)
682,,adj,environmental,n,issues,
683,,adj,environmental,n,policy,
684,,adj,environmental,n,pollution,
685,,adj,environmental,n,protection,
686,,adj,equal,n,access,(to)
687,,adj,equal,n,opportunity,
688,,adj,equal,n,status,
689,,adj,equal,n,treatment,
690,,adv,equally,adj,important,
691,,adv,equally,adj,likely,
692,,adv,equally,adj,true,
693,,adv,equally,adj,valid,
694,,adj,essential,n,component,
695,,adj,essential,n,element,
696,,adj,essential,n,feature,
697,,adj,essential,n,function,
698,,adj,essential,n,information,
699,,adj,essential,n,role,
700,,v,establish,n,(a) relationship,
701,,adj,established,n,order,
702,,adj,established,n,practice,
703,,adj,established,n,principle,
704,,adj,ethical,n,consideration,
705,,adj,ethical,n,dilemma,
706,,adj,ethical,n,issue,
707,,adj,ethical,n,principle,
708,,adj,ethical,n,problem,
709,,adj,ethical,n,question,
710,,adj,ethnic,n,community,
711,,adj,ethnic,n,difference,
712,,adj,ethnic,n,diversity,
713,,adj,ethnic,n,group,
714,,adj,ethnic,n,identity,
715,,adj,ethnic,n,minority,
716,,adj,ethnic,n,origin,
717,,adv,ever,adj,changing,
718,,adv,ever,adj,increasing,
719,,adj,evolutionary,n,process,
720,,adj,evolutionary,n,theory,
721,,v,examine,n,(the) role,(of)
722,,adj,exceptional,n,case,
723,,adj,exceptional,n,circumstances,
724,,v,exercise,n,authority,
725,,adj,existing,n,data,
726,,adj,existing,n,research,
727,,adj,existing,n,structure,
728,,v,expand,adv,rapidly,
729,,v,experience,n,difficulties,
730,,v,experience,n,problems,
731,,adj,experiential,n,learning,
732,,adj,experimental,n,conditions,
733,,adj,experimental,n,data,
734,,adj,experimental,n,design,
735,,adj,experimental,n,evidence,
736,,adj,experimental,n,method,
737,,adj,experimental,n,research,
738,,adj,experimental,n,results,
739,,adj,experimental,n,study,
740,,adj,experimental,n,work,
741,,n,expert,n,opinion,
742,,adj,explanatory,n,power,
743,,v,explore,adv,further,
744,,v,explore,n,(an) issue,
745,,adj,extended,n,period,
746,,adj,extensive,n,research,
747,(be),adv,extensively,vpp,used,
748,,adj,external,n,environment,
749,,adj,external,n,factors,
750,,adj,external,n,forces,
751,,adj,external,n,influences,
752,,adj,external,n,source,
753,,adj,external,n,threat,
754,,adj,external,n,world,
755,,v,extract,n,data,
756,,v,extract,n,information,
757,,adv,extremely,adj,complex,
758,,adv,extremely,adj,powerful,
759,,adv,extremely,adj,sensitive,
760,,adv,extremely,adj,useful,
761,,adv,extremely,adj,valuable,
762,,v,face,n,difficulties,
763,,v,face,n,discrimination,
764,,v,face,n,(a) challenge,
765,,v,face,n,(a) dilemma,
766,,v,face,n,(a) problem,
767,,adj,facial,n,expression,
768,,v,facilitate,n,(the) development,(of)
769,,adj,factual,n,information,
770,,adj,fair,n,treatment,
771,,adv,fairly,adj,clear,
772,,adv,fairly,adj,common,
773,,adv,fairly,adj,obvious,
774,,adv,fairly,adj,straightforward,
775,,v,fall into,n,(the) category,(of)
776,(be),adv,far,vpp,removed,(from)
777,(the),adj,federal,n,agency,
778,(a/the),adj,federal,n,government,
779,,adj,federal,n,state,
780,,adj,feminist,n,movement,
781,,n,field,n,research,
782,,adj,final,n,analysis,
783,,adj,final,n,answer,
784,,adj,final,n,chapter,
785,,adj,final,n,decision,
786,,adj,final,n,outcome,
787,,adj,final,n,phase,
788,,adj,final,n,point,
789,,adj,final,n,position,
790,,adj,final,n,product,
791,,adj,final,n,result,
792,,adj,final,n,section,
793,,adj,final,n,stage,
794,,adj,final,n,step,
795,,adj,final,n,version,
796,,adj,financial,n,affairs,
797,,adj,financial,n,assistance,
798,,adj,financial,n,institution,
799,,adj,financial,n,management,
800,,adj,financial,n,market,
801,,adj,financial,n,problem,
802,,adj,financial,n,resources,
803,,adj,financial,n,support,
804,,v,find,n,evidence,(of)
805,,v ,find ,n,information,
806,(a),adj,finite,n,number,(of)
807,(be),adv,firmly,vpp,established,
808,,adj,first,n,author,
809,,adj,first,n,contact,
810,(the),adj,first,n,draft,
811,,adj,first,n,encounter,
812,,adj,first,n,generation,
813,,adj,first,n,impression,
814,,adj,first,n,phase,
815,,adj,first,n,priority,
816,,adj,flexible,n,approach,
817,,adj,focal,n,point,
818,,v,focus,n,attention,(on)
819,,v,focus on,n,(an) aspect,
820,,v,follow,n,(a) format,
821,,v,follow,n,(a) procedure,
822,,v,follow,n,instructions,
823,,adj,following,n,chapter,
824,,adj,foreign,n,currency,
825,,adj,foreign,n,investment,
826,,adj,foreign,n,investor,
827,,adj,foreign,n,policy,
828,,adj,formal,n,structure,
829,(provide),adj,free,n,access,
830,,adj,free,n,movement,
831,,adv,freely,adj,available,
832,(be),adv,frequently,vpp,cited,
833,(be),adv,frequently,vpp,found,
834,(be),adv,frequently,vpp,referred,(to)
835,(be),adv,frequently,vpp,used,
836,,v,fulfil,n,(an) obligation,
837,,adj,full,n,analysis,
838,,adj,full,n,employment,
839,,adj,full,n,information,
840,,adj,full,n,participation,
841,,adj,full,n,potential,
842,(a/the),adj,full,n,range,(of)
843,,adj,fuller,n,discussion,
844,,adv,fully,adj,aware,(of)
845,(be),adv,fully,vpp,developed,
846,(be),adv,fully,vpp,informed,
847,(be),adv,fully,vpp,integrated,
848,(be),adv,fully,vpp,realized,
849,,adv,fully,v,understand,
850,(a),adj,functional,n,requirement,
851,,adj,fundamental,n,aspect,
852,,adj,fundamental,n,assumption,
853,,adj,fundamental,n,change,
854,,adj,fundamental,n,component,
855,,adj,fundamental,n,difference,
856,,adj,fundamental,n,importance,
857,,adj,fundamental,n,principle,
858,,adj,fundamental,n,problem,
859,,adj,fundamental,n,question,
860,,adv,fundamentally,adj,different,
861,,adj,further,n,analysis,
862,,adj,further,n,consideration,
863,,adj,further,n,development,
864,(be),adv,further,vpp,divided,(into)
865,,adj,further,n,evidence,
866,,adj,further,n,explanation,
867,,adj,further,n,information,
868,,adj,further,n,investigation,
869,,adj,further,n,research,
870,,adj,further,n,study,
871,,adj,future,n,development,
872,,adj,future,n,prospects,
873,,adj,future,n,research,
874,,adj,future,n,study,
875,,v,gain,n,access,(to)
876,,v,gain,n,information,
877,,v,gain,n,(an) insight,(into)
878,,v,gather,n,data,
879,,v,gather,n,information,
880,,n,gender,n,equality,
881,,n,gender,n,stereotype,
882,,adj,general,n,agreement,
883,,adj,general,n,approach,
884,,adj,general,n,argument,
885,,adj,general,n,aspect,
886,,adj,general,n,category,
887,,adj,general,n,conclusion,
888,,adj,general,n,consensus,
889,,adj,general,n,definition,
890,,adj,general,n,feature,
891,,adj,general,n,formula,
892,,adj,general,n,overview,
893,,adj,general,n,principle,
894,,adj,general,n,statement,
895,,adj,general,n,tendency,
896,,adj,general,n,theory,
897,,adj,general,n,trend,
898,(be),adv,generally,vpp,accepted,
899,,adv,generally,v,agree,
900,(be),adv,generally,vpp,assumed,
901,(be),adv,generally,vpp,considered,
902,(be),adv,generally,vpp,found,
903,(be),adv,generally,vpp,known,(as/by)
904,,adj,genetic,n,variation,
905,,adj,geographic(al),n,area,
906,,adj,geographic(al),n,distribution,
907,,adj,geographic(al),n,location,
908,,v,get,adj,involved,(with/in)
909,,v,give,n,access,(to)
910,,v,give,n,consent,
911,,v,give,n,consideration,
912,,v,give,n,emphasis,
913,,v,give,n,evidence,
914,,v,give,n,feedback,
915,,v,give,n,priority,(to)
916,,v,give ,n,guidance,
917,,v,give ,n,information,
918,,v,give ,n,insight,(into)
919,,v,give,n,(a) presentation,
920,,v,give,n,(an) explanation,
921,,v,give,n,(an) indication,(of)
922,,v,give,n,(an) overview,(of)
923,,v,give (sb),n,(an) impression,
924,,v,give (sb),n,treatment,
925,,adj,given,n,information,
926,(in a),adj,given,n,period,
927,,adj,global,n,capitalism,
928,,adj,global,n,context,
929,,adj,global,n,culture,
930,,adj,global,n,economy,
931,,adj,global,n,issue,
932,,adj,global,n,market,
933,,adj,global,n,marketplace,
934,,adj,global,n,media,
935,,adj,global,n,network,
936,,adj,global,n,perspective,
937,,adj,global,n,shift,(in)
938,,adj,global,n,structure,
939,,adj,global,n,trade,
940,,adj,global,n,village,
941,,n,government,n,control,
942,,n,government,n,department,
943,,n,government,n,expenditure,
944,,n,government,n,intervention,
945,,n,government,n,policy,
946,,adj,graphical,n,representation,
947,,adj,great,n,accuracy,
948,,adj,great,n,diversity,
949,,adj,great,n,impact,
950,,adj,great,n,majority,
951,,adj,great,n,potential,
952,(a),adj,great,n,proportion,(of)
953,(a),adj,great,n,range,(of)
954,,adj,great,n,significance,
955,,adj,greater,n,autonomy,
956,,adj,greater,n,awareness,
957,(add),adj,greater,n,emphasis,
958,,adj,greater,n,equality,
959,,adj,greater,n,flexibility,
960,,adj,greater,n,likelihood,
961,,adv,greatly,v,enhance,
962,,adv,greatly,v,increase,
963,(be),adv,greatly,vpp,influenced,(by)
964,(be),adv,greatly,vpp,reduced,
965,,v,grow,adv,rapidly,
966,,adj,growing,n,awareness,
967,(a),adj,growing,n,trend,
968,(a),adj,guiding,n,principle,
969,(be),adv,hardly,adj,surprising,
970,,v,have,n,access,(to)
971,,v,have,n,consequences,
972,,v,have,n,limitations,
973,,v,have,n,potential,
974,,v,have,n,(a) strategy,
975,,v,have,n,(a) tendency,(to)
976,,v,have,n,(an) obligation,
977,(a),adj,heated,n,debate,
978,(be),adv,heavily,vpp,influenced,(by)
979,,adj,hierarchical,n,structure,
980,(a),adj,high,n,concentration,(of)
981,(a),adj,high,n,correlation,
982,,adj,high,n,expectations,
983,,adj,high,n,incidence,
984,,adj,high,n,intensity,
985,,adj,high,n,level,
986,,adj,high,n,order,
987,(a),adj,high,n,percentage,(of)
988,,adj,high,n,priority,
989,(have a),adj,high,n,probability,
990,,adj,high,n,profile,
991,(a),adj,high,n,proportion,(of)
992,,adj,high,n,quality,
993,(a),adj,high,n,rate,(of)
994,,adj,high,n,score,
995,(a),adj,high,n,standard,(of)
996,,adj,high,n,status,
997,,adj,high,n,turnover,
998,,adj,high,n,unemployment,
999,,adj,high,n,value,
1000,,adj,high,n,frequency,
1000,,adj,higher,n,frequency,
1001,(a),adj,higher,n,degree,(of)
1002,,adj,higher,n,education,
1003,(be),adv,highly,vpp,charged,
1004,,adv,highly,adj,competitive,
1005,,adv,highly,adj,complex,
1006,,adv,highly,adj,controversial,
1007,(be),adv,highly,vpp,correlated,(with)
1008,,adv,highly,adj,critical,
1009,,adv,highly,adj,dependent,
1010,,adv,highly,adj,desirable,
1011,(be),adv,highly,vpp,developed,
1012,(be),adv,highly,vpp,educated,
1013,,adv,highly,adj,effective,
1014,,adv,highly,adj,efficient,
1015,,adv,highly,adj,influential,
1016,,adv,highly,adj,likely,
1017,,adv,highly,adj,problematic,
1018,,adv,highly,adj,relevant,
1019,,adv,highly,adj,selective,
1020,,adv,highly,adj,sensitive,
1021,,adv,highly,adj,significant,
1022,,adv,highly,adj,skilled,
1023,,adv,highly,adj,sophisticated,
1024,(be),adv,highly,vpp,structured,
1025,,adv,highly,adj,successful,
1026,,adv,highly,adj,unlikely,
1027,(be),adv,highly,vpp,valued,
1028,,adv,highly,adj,variable,
1029,,adj,historical,n,account,
1030,,adj,historical,n,analysis,
1031,,adj,historical,n,background,
1032,,adj,historical,n,change,
1033,,adj,historical,n,circumstances,
1034,,adj,historical,n,context,
1035,,adj,historical,n,data,
1036,,adj,historical,n,development,
1037,,adj,historical,n,event,
1038,,adj,historical,n,evidence,
1039,,adj,historical,n,factors,
1040,,adj,historical,n,interpretation,
1041,,adj,historical,n,knowledge,
1042,,adj,historical,n,period,
1043,,adj,historical,n,perspective,
1044,,adj,historical,n,reality,
1045,,adj,historical,n,record,
1046,,adj,historical,n,roots,
1047,,adj,historical,n,study,
1048,,adj,historical,n,writing,
1049,,adv,historically,adj,specific,
1050,,v,hold,n,(a) conference,
1051,,adj,holistic,n,approach,
1052,,adj,homogeneous,n,group,
1053,(a),adj,huge,n,amount,(of)
1054,,adj,human,n,activity,
1055,,adj,human,n,behaviour,
1056,,adj,human,n,interaction,
1057,,adj,human,n,society,
1058,,adj,human,n,species,
1059,(be),adv,ideally,vpp,suited,
1060,,v,identify,n,factors,
1061,,v,identify,n,features,
1062,,v,identify,n,(a) problem,
1063,,v,identify,n,(a) way,
1064,,v,identify,n,(an) area,
1065,,v,identify,n,(an) issue,
1066,,adj,immediate,n,environment,
1067,,adv,immediately,adj,apparent,
1068,,adv,immediately,adj,following,
1069,,adv,immediately,adj,obvious,
1070,,adv,immediately,adj,preceding,
1071,,adj,imported,n,goods,
1072,,adj,imported,n,products,
1073,,v,impose,n,constraints,
1074,,v,impose,n,limitations,
1075,,v,impose,n,restrictions,
1076,,adj,improved,n,performance,
1077,,v,increase,n,awareness,
1078,,v,increase,adv,dramatically,
1079,,v,increase,n,(the) likelihood,(of)
1080,,adj,increased,n,awareness,
1081,,adj,increased,n,competition,
1082,(an),adj,increased,n,demand,(for)
1083,,adj,increased,n,importance,
1084,,adj,increased,n,interest,
1085,,adj,increased,n,level,
1086,,adj,increased,n,number,
1087,,adj,increased,n,pressure,
1088,,adj,increased,n,production,
1089,,adj,increased,n,productivity,
1090,,adj,increased,n,risk,
1091,,adj,increasing,n,awareness,
1092,,adj,increasing,n,complexity,
1093,,adj,increasing,n,demand,
1094,,adj,increasing,n,emphasis,
1095,,adj,increasing,n,importance,
1096,,adj,increasing,n,interest,
1097,,adj,increasing,n,pressure,
1098,(a),adj,increasing,n,proportion,(of)
1099,,adj,increasing,n,tendency,
1100,,adj,increasing,n,trend,
1101,,adv,increasingly,adj,aware,
1102,,adv,increasingly,adj,common,
1103,,adv,increasingly,adj,complex,
1104,,adv,increasingly,adj,difficult,
1105,,adv,increasingly,adj,important,
1106,,adv,increasingly,adj,popular,
1107,,adv,increasingly,adj,sophisticated,
1108,,adj,independent,n,state,
1109,,adj,independent,n ,variable,
1110,,adj,indigenous,n,people,
1111,,adj,indigenous,n,population,
1112,,adj,individual,n,behaviour,
1113,,adj,individual,n,case,
1114,,adj,individual,n,characteristics,
1115,,adj,individual,n,choice,
1116,,adj,individual,n,component,
1117,,adj,individual,n,difference,
1118,,adj,individual,n,element,
1119,,adj,individual,n,experience,
1120,,adj,individual,n,interests,
1121,,adj,individual,n,item,
1122,,adj,individual,n,needs,
1123,,adj,individual,n,response,
1124,,adj,individual,n,responsibility,
1125,,adj,individual,n,rights,
1126,,adj,individual,n,variable,
1127,,adj,individual,n,variation,
1128,,adj,industrial,n,capitalism,
1129,,adj,industrial,n,country,
1130,,adj,industrial,n,development,
1131,,adj,industrial,n,production,
1132,,adj,industrial,n,society,
1133,,adj,industrialized,n,country,
1134,,adj,industrialized,n,nation,
1135,(be),adv,inextricably,vpp,linked,(to/with)
1136,,adj,infinite,n,number,
1137,,n,information,n,flow,
1138,,n,information,n,gathering,
1139,,n,information,n,processing,
1140,,n,information,n,retrieval,
1141,,n,information,n,sharing,
1142,,adj,informed,n,consent,
1143,,adj,initial,n,period,
1144,,adj,initial,n,phase,
1145,,adj,initial,n,position,
1146,,adj,initial,n,research,
1147,,adj,initial,n,stage,
1148,,adj,institutional,n,arrangement,
1149,,adj,institutional,n,context,
1150,,adj,institutional,n,framework,
1151,,adj,institutional,n,structure,
1152,,adj,institutional,n,support,
1153,(an),adj,integral,n,part,(of)
1154,,adj,integrated,n,approach,
1155,,adj,integrated,n,system,
1156,,adj,intellectual,n,property,
1157,,adj,intellectual,n,work,
1158,,adj,intensive,n,study,
1159,,adj,interested,n,party,
1160,,adj,internal,n,affairs,
1161,,adj,internal,n,conflict,
1162,,adj,internal,n,control,
1163,,adj,internal,n,market,
1164,,adj,internal,n,organ,
1165,,adj,internal,n,structure,
1166,,adj,international,n,agreement,
1167,,adj,international,n,body,
1168,,adj,international,n,community,
1169,,adj,international,n,conference,
1170,,adj,international,n,context,
1171,,adj,international,n,journal,
1172,,adj,international,n,organization,
1173,,adj,international,n,treaty,
1174,have,n,internet,n,access,
1175,,adj,interpersonal,n,relationships,
1176,,adj,interpersonal,n,skills,
1177,,v,interpret,n,data,
1178,,adj,intimate,n,relationship,
1179,(be),adv,intimately,vpp,connected,(to/with)
1180,,adj,intrinsic,n,value,
1181,,v,introduce,n,legislation,
1182,,adj,introductory,n,chapter,
1183,,adj,introductory,n,section,
1184,,adj,introductory,n,text,
1185,,adv,keenly,adj,aware,
1186,,adj,key,n,area,
1187,,adj,key,n,aspect,
1188,,adj,key,n,characteristic,
1189,,adj,key,n,component,
1190,,adj,key,n,concept,
1191,(the),adj,key,n,element,
1192,,adj,key,n,factor,
1193,,adj,key,n,feature,
1194,,adj,key,n,findings,
1195,,adj,key,n,issue,
1196,,adj,key,n,objective,
1197,,adj,key,n,player,
1198,,adj,key,n,policy,
1199,,adj,key,n,principle,
1200,,adj,key,n,role,
1201,,adj,key,n,source,
1202,,adj,key,n,text,
1203,,adj,key,n,theme,
1204,,adj,key,n,topic,
1205,,adj,large,n,majority,
1206,(a),adj,large,n,percentage,(of)
1207,,adj,large,n,portion,
1208,(a),adj,large,n,proportion,(of)
1209,,adj,large,n,quantities,(of)
1210,(a),adj,large,n,range,(of)
1211,(be),adv,largely,vpp,based,(on)
1212,(be),adv,largely,vpp,confined,(to)
1213,(be),adv,largely,vpp,determined,(by)
1214,(be),adv,largely,vpp,ignored,
1215,(be),adv,largely,adj,responsible,(for)
1216,,adj,later,n,work,
1217,,adj,later,n,writings,
1218,,v,lead to,n,(the) conclusion,
1219,,adj,leading,n,role,
1220,,adj,learning,n,activity,
1221,,n,learning,n,difficulties,
1222,,n,learning,n,environment,
1223,,n,learning,n,objective,
1224,,n,learning,n,outcome,
1225,,n,learning,n,process,
1226,,n,learning,n,resources,
1227,,n,learning,n,strategy,
1228,,adj,legal,n,action,
1229,,adj,legal,n,basis,
1230,,adj,legal,n,framework,
1231,,adj,legal,n,issue,
1232,,adj,legal,n,obligation,
1233,,adj,legal,n,position,
1234,,adj,legal,n,proceedings,
1235,,adj,legal,n,protection,
1236,,adj,legal,n,requirement,
1237,,adj,legal,n,right,
1238,,adj,legal,n,rule,
1239,,adj,legal,n,status,
1240,,adj,legal,n,system,
1241,,adj,legislative,n,measures,
1242,,adj,legislative,n,power,
1243,,adj,liberal,n,democracy,
1244,,adj,lifelong,n,learning,
1245,,adj,likely,n,impact,
1246,,adj,likely,n,outcome,
1247,,adj,limited,n,access,
1248,,adj,limited,n,capacity,
1249,,adj,limited,n,information,
1250,,adj,limited,n,opportunity,
1251,(a),adj,limited,n,range,(of)
1252,,adj,limited,n,resources,
1253,,adj,linear,n,relationship,
1254,,adj,literal,n,interpretation,
1255,,adj,literal,n,meaning,
1256,(in a),adj,literal,n,sense,
1257,,adj,literary,n,text,
1258,,adj,literary,n,tradition,
1259,,adj,little,n,evidence,
1260,,adj,little,n,impact,
1261,,adj,little,n,information,
1262,,adj,little,n,research,
1263,,adj,little,n,significance,
1264,,adj,living,n,conditions,
1265,,adj,living,n,organism,
1266,,adj,living,n,standard,
1267,,adj,local,n,area,
1268,,adj,local,n,authority,
1269,,adj,local,n,circumstances,
1270,,adj,local,n,community,
1271,,adj,local,n,culture,
1272,,adj,local,n,economy,
1273,,adj,local,n,government,
1274,,adj,logical,n,approach,
1275,,adj,logical,n,argument,
1276,,adj,logical,n,conclusion,
1277,,adj,long,n,duration,
1278,,adv,long,adj,established,
1279,,adj,longitudinal,n,study,
1280,,adj,low,n,income,
1281,,adj,low,n,intensity,
1282,,adj,low,n,level,
1283,(a),adj,low,n,percentage,(of)
1284,,adj,low,n,priority,
1285,,adj,low,n,probability,
1286,,adj,low,n,profile,
1287,,adj,low,n,quality,
1288,,adj,low,n,status,
1289,,adj,low,n,turnover,
1290,,adj,low,n,unemployment,
1291,,adj,low,n,frequency,
1291,,adj,lower,n,frequency,
1292,,adj,lower,n,class,
1293,,adj,main,n,area,
1294,,adj,main,n,argument,
1295,,adj,main,n,category,
1296,,adj,main,n,characteristics,
1297,,adj,main,n,component,
1298,,adj,main,n,element,
1299,,adj,main,n,factor,
1300,,adj,main,n,feature,
1301,,adj,main,n,findings,
1302,,adj,main,n,focus,
1303,,adj,main,n,function,
1304,,adj,main,n,issue,
1305,,adj,main,n,principle,
1306,,adj,main,n,source,
1307,,adj,main,n,task,
1308,,adj,main,n,theme,
1309,(be),adv,mainly,vpp,concerned,(with)
1310,,v,maintain,n,contact,
1311,(a),adj,major,n,advantage,(of)
1312,,adj,major,n,area,
1313,(a),adj,major,n,cause,(of)
1314,(a),adj,major,n,challenge,
1315,,adj,major,n,change,
1316,,adj,major,n,component,
1317,,adj,major,n,concern,
1318,,adj,major,n,contribution,
1319,,adj,major,n,decision,
1320,,adj,major,n,difference,
1321,,adj,major,n,factor,
1322,,adj,major,n,feature,
1323,,adj,major,n,focus,
1324,,adj,major,n,impact,
1325,,adj,major,n,implications,
1326,,adj,major,n,influence,
1327,,adj,major,n,issue,
1328,(a),adj,major,n,part,(of)
1329,(a),adj,major,n,problem,(of/with)
1330,(a),adj,major,n,reason,(for)
1331,,adj,major,n,role,
1332,(a),adj,major,n,shift,(in)
1333,(the/a),adj,major,n,source,(of)
1334,,adj,major,n,theme,
1335,,v,make,n,adjustments,
1336,,v,make,n,arrangements,
1337,,v,make,adj,available,
1338,,v,make,adj,aware,
1339,,v,make,n,contact,
1340,,v,make,n,(a) contribution,
1341,,v,make,adj,explicit,
1342,,v,make,n,policy,
1343,,v,make,n,provision,
1344,,v,make,adj,visible,
1345,,v,make,n,(a) comment,
1346,,v,make,n,(a) distinction,
1347,,v,make,n,(a) living,
1348,,v,make,n,(a) prediction,
1349,,v,make,n,(a) recommendation,
1350,,v,make,n,(a) statement,
1351,,v,make,n,(a) transition,
1352,,v,make,n,(an) argument,
1353,,v,make,n,(an) assessment,
1354,,v,make,n,(an) assumption,
1355,,v,make,n,(an) impact,
1356,,v,make,n,(an) impression,
1357,,v,make,n,(an) observation,
1358,,v,make,n,(a) judgement,
1359,,adj,male,n,dominance,
1360,,adj,manual,n,worker,
1361,,adj,manufacturing,n,sector,
1362,,adj,marked,n,contrast,
1363,(be),adv,markedly,adj,different,
1364,,adj,maximum,n,duration,
1365,,adj,mean,n,score,
1366,(in),adj,(a) meaningful,n,way,
1367,,n,media,n,coverage,
1368,,adj,medical,n,assistance,
1369,,adj,medical,n,treatment,
1370,,v,meet,n,(the) criteria,
1371,,v,meet,n,expectations,
1372,,v,meet,n,(a) requirement,
1373,,v,meet,n,(a) target,
1374,,v,meet,n,(an) objective,
1375,,adj,mental,n,health,
1376,,adj,mental,n,illness,
1377,,adj,mental,n,state,
1378,,adj,methodological,n,approach,
1379,,adj,methodological,n,issue,
1380,,adj,methodological,n,problem,
1381,,adj,metropolitan,n,area,
1382,,adj,middle,n,income,
1383,,adj,middle,n,management,
1384,,adj,migrant,n,worker,
1385,,adj,military,n,action,
1386,,adj,military,n,force,
1387,,adj,military,n,power,
1388,,adj,military,n,service,
1389,,adj,minimum,n,level,
1390,,adj,minimum,n,requirement,
1391,,adj,minimum,n,standard,
1392,,adj,minimum,n,value,
1393,,adj,minimum,n,wage,
1394,,adj,minor,n,change,
1395,,adj,minor,n,role,
1396,,n,minority,n,group,
1397,,adj,missing,n,data,
1398,,adj,modern,n,culture,
1399,,adj,modern,n,method,
1400,,adj,modern,n,society,
1401,,adj,modern,n,technology,
1402,,adj,modified,n,form,
1403,,adj,modified,n,version,
1404,,adj,moral,n,dilemma,
1405,,adj,moral,n,philosophy,
1406,,adj,moral,n,principle,
1407,,adj,multiple,n,identities,
1408,,adj,multiple,n,sources,
1409,,adj,municipal,n,government,
1410,,adj,mutual,n,recognition,
1411,,adj,mutual,n,support,
1412,,adj,mutual,n,trust,
1413,,adj,mutual,n,understanding,
1414,(be),adv,mutually,adj,exclusive,
1415,,adj,narrow,n,definition,
1416,(a),adj,narrow,n,range,(of)
1417,,adj,national,n,average,
1418,,adj,national,n,boundary,
1419,,adj,national,n,conference,
1420,,adj,national,n,culture,
1421,,adj,national,n,economy,
1422,,adj,national,n,government,
1423,,adj,national,n,identity,
1424,,adj,national,n,income,
1425,,adj,national,n,institution,
1426,,adj,national,n,interest,
1427,,adj,national,n,language,
1428,,adj,national,n,legislation,
1429,,adj,national,n,market,
1430,,adj,national,n,media,
1431,,adj,national,n,movement,
1432,,adj,national,n,policy,
1433,,adj,national,n,press,
1434,,adj,national,n,security,
1435,,adj,national,n,survey,
1436,,adj,native,n,speaker,
1437,,adj,natural,n,conditions,
1438,,adj,natural,n,disaster,
1439,,adj,natural,n,environment,
1440,,adj,natural,n,history,
1441,,adj,natural,n,language,
1442,,adj,natural,n,law,
1443,,adj,natural,n,order,
1444,,adj,natural,n,philosophy,
1445,,adj,natural,n,process,
1446,,adj,natural,n,resources,
1447,,adj,natural,n,right,
1448,,adj,natural,n,science,
1449,,adj,natural,n,tendency,
1450,,adj,natural,n,world,
1451,,adv,naturally,adj,occurring,
1452,,adj,necessary,n,information,
1453,,adj,negative,n,aspect,
1454,,adj,negative,n,attitude,
1455,,adj,negative,n,connotation,
1456,,adj,negative,n,consequences,
1457,,adj,negative,n,correlation,
1458,,adj,negative,n,effect,
1459,,adj,negative,n,feedback,
1460,,adj,negative,n,impact,
1461,,adj,negative,n,outcome,
1462,,adj,negative,n,side,
1463,,adj,negative,n,stereotype,
1464,,adj,negative,n,value,
1465,,adj,negative,n,view,
1466,(be),adv,negatively,vpp,correlated,(with)
1467,,adj,new,n,initiative,
1468,,adj,new,n,insight,
1469,,adj,new,n,perspective,
1470,,adv,newly,vpp,acquired,
1471,,adv,newly,vpp,created,
1472,,adv,newly,vpp,discovered,
1473,,adv,newly,adj,emerging,
1474,,adv,newly,adj,established,
1475,,adv,newly,vpp,formed,
1476,,adj,next,n,decade,
1477,,adj,next,n,generation,
1478,(the),adj,next,n,phase,
1479,(in),adj,normal,n,conditions,
1480,,adj,normal,n,development,
1481,,adj,normal,n,distribution,
1482,,adj,normal,n,practice,
1483,(a),adj,notable,n,exception,
1484,,adj,nuclear,n,energy,
1485,,adj,nuclear,n,family,
1486,(a),adj,nuclear,n,power,
1487,(a),adj,nuclear,n,war,
1488,(a),adj,nuclear,n,weapon,
1489,,adj,numerical,n,data,
1490,,adj,numerical,n,value,
1491,,adj,numerous,n,studies,
1492,,adj,objective,n,criteria,
1493,,adj,objective,n,reality,
1494,,v,obtain,n,data,
1495,,v,obtain,n,information,
1496,,v,obtain,n,(a) result,
1497,,adj,obvious,n,difference,
1498,,adj,obvious,n,example,
1499,,adj,obvious,n,point,
1500,,adj,obvious,n,reason,
1501,,v,occur,adv,frequently,
1502,,v,occur,adv,naturally,
1503,,v,offer,n,(an) insight,(into)
1504,,v,offer,n,(an) opportunity,
1505,,adj,official,n,statistics,
1506,,adv,once,vpp,established,
1507,,adj,ongoing,n,debate,
1508,,adj,ongoing,n,process,
1509,,adj,online,n,access,
1510,,adj,online,n,database,
1511,,adj,online,n,journal,
1512,,adj,online,n,version,
1513,,adj,open,n,access,
1514,,adj,opening,n,chapter,
1515,,adj,opening,n,section,
1516,,n,opinion,n,leader,
1517,,adj,optimal,n,solution,
1518,,adj,oral,n,history,
1519,,adj,oral,n,presentation,
1520,,adj,organising,n,principle,
1521,,adj,organizational,n,structure,
1522,,adj,original,n,author,
1523,,adj,original,n,context,
1524,,adj,original,n,data,
1525,,adj,original,n,intent,
1526,,adj,original,n,meaning,
1527,,adj,original,n,model,
1528,,adj,original,n,position,
1529,,adj,original,n,research,
1530,,adj,original,n,source,
1531,,adj,original,n,text,
1532,,adj,original,n,version,
1533,,adj,original,n,work,
1534,(be),adv,originally,vpp,developed,
1535,(be),adv,originally,vpp,intended,
1536,,adj,overall,n,aim,
1537,,adj,overall,n,effect,
1538,,adj,overall,n,level,
1539,,adj,overall,n,performance,
1540,,adj,overall,n,picture,
1541,,adj,overall,n,rate,
1542,,adj,overall,n,structure,
1543,,adj,overwhelming,n,majority,
1544,,adj,paid,n,employment,
1545,(be of),adj,paramount,n,importance,
1546,,adj,particular,n,area,
1547,,adj,particular,n,aspect,
1548,,adj,particular,n,emphasis,
1549,,adj,particular,n,feature,
1550,,adj,particular,n,focus,
1551,,adj,particular,n,individual,
1552,,adj,particular,n,meaning,
1553,,adv,particularly,adj,acute,
1554,,adv,particularly,adj,apparent,
1555,,adv,particularly,adj,appropriate,
1556,(be),adv,particularly,vpp,concerned,(with)
1557,,adv,particularly,adj,effective,
1558,(be),adv,particularly,adj,evident,
1559,,adv,particularly,adj,influential,
1560,,adv,particularly,adj,relevant,
1561,,adv,particularly,adj,sensitive,
1562,,adv,particularly,adj,significant,
1563,,adv,particularly,adj,striking,
1564,,adv,particularly,adj,successful,
1565,(be),adv,particularly,vpp,suited,(to)
1566,,adv,particularly,adj,useful,
1567,,adv,particularly,adj,valuable,
1568,(be),adv,partly,adj,responsible,(for)
1569,,n,party,n,leader,
1570,,adj,past,n,research,
1571,,n,peace,n,treaty,
1572,,adj,perceived,n,importance,
1573,,adj,perceived,n,need,
1574,,adj,perceived,n,threat,
1575,,v,perform,n,(a) function,
1576,,v,perform,n,(a) study,
1577,,v,perform,n,(a) task,
1578,,adj,personal,n,choice,
1579,,adj,personal,n,circumstances,
1580,,adj,personal,n,communication,
1581,,adj,personal,n,contact,
1582,,adj,personal,n,control,
1583,,adj,personal,n,experience,
1584,,adj,personal,n,information,
1585,,adj,personal,n,interest,
1586,,adj,personal,n,knowledge,
1587,,adj,personal,n,quality,
1588,,adj,personal,n,relationship,
1589,,adj,personal,n,responsibility,
1590,,adj,personal,n,safety,
1591,,adj,personal,n,space,
1592,,adj,physical,n,activity,
1593,,adj,physical,n,appearance,
1594,,adj,physical,n,characteristics,
1595,,adj,physical,n,contact,
1596,,adj,physical,n,development,
1597,,adj,physical,n,environment,
1598,,adj,physical,n,features,
1599,,adj,physical,n,health,
1600,,adj,physical,n,needs,
1601,,adj,physical,n,presence,
1602,,adj,physical,n,properties,
1603,,adj,physical,n,proximity,
1604,,adj,physical,n,science,
1605,,adj,physical,n,space,
1606,,adj,physical,n,symptom,
1607,,adj,physical,n,world,
1608,,n,pilot,n,study,
1609,,adj,pioneering,n,work,
1610,,adj,pivotal,n,role,
1611,,v,place ,n,emphasis,(on)
1612,,n,planning,n,stage,
1613,(the only),adj,plausible,n,explanation,
1614,,v,play,n,(a) role,(in)
1615,,adj,political,n,activism,
1616,,adj,political,n,activity,
1617,,adj,political,n,agenda,
1618,,adj,political,n,arena,
1619,,adj,political,n,authority,
1620,,adj,political,n,circumstances,
1621,,adj,political,n,climate,
1622,,adj,political,n,conflict,
1623,,adj,political,n,consciousness,
1624,,adj,political,n,consensus,
1625,,adj,political,n,consequences,
1626,,adj,political,n,consideration,
1627,,adj,political,n,context,
1628,,adj,political,n,culture,
1629,,adj,political,n,debate,
1630,,adj,political,n,dimension,
1631,,adj,political,n,economy,
1632,,adj,political,n,environment,
1633,,adj,political,n,factors,
1634,,adj,political,n,identity,
1635,,adj,political,n,ideology,
1636,,adj,political,n,implications,
1637,,adj,political,n,instability,
1638,,adj,political,n,institution,
1639,,adj,political,n,leader,
1640,,adj,political,n,mobilization,
1641,,adj,political,n,movement,
1642,,adj,political,n,organization,
1643,,adj,political,n,participation,
1644,,adj,political,n,party,
1645,,adj,political,n,philosophy,
1646,,adj,political,n,reality,
1647,,adj,political,n,reform,
1648,,adj,political,n,representation,
1649,,adj,political,n,significance,
1650,,adj,political,n,spectrum,
1651,,adj,political,n,stability,
1652,,adj,political,n,status,
1653,,adj,political,n,structure,
1654,,adv,politically,adj,correct,
1655,(be),adv,politically,vpp,motivated,
1656,(be),adv,poorly,vpp,understood,
1657,,adj,popular,n,culture,
1658,,adj,popular,n,media,
1659,,v,pose,n,(a) challenge,
1660,,v,pose,n,(a) problem,
1661,,v,pose,n,(a) question,
1662,,v,pose,n,(a) threat,(to)
1663,,adj,positive,n,action,
1664,,adj,positive,n,aspect,
1665,,adj,positive,n,attitude,
1666,,adj,positive,n,connotation,
1667,,adj,positive,n,correlation,
1668,,adj,positive,n,discrimination,
1669,,adj,positive,n,effect,
1670,,adj,positive,n,feature,
1671,,adj,positive,n,feedback,
1672,,adj,positive,n,image,
1673,,adj,positive,n,impact,
1674,,adj,positive,n,influence,
1675,,adj,positive,n,outcome,
1676,,adj,positive,n,relationship,
1677,,adj,positive,n,result,
1678,,adj,positive,n,value,
1679,,adj,positive,n,view,
1680,(be),adv,positively,vpp,associated,(with)
1681,(be),adv,positively,vpp,correlated,(with)
1682,,adj,possible,n,consequences,
1683,,adj,possible,n,explanation,
1684,,adj,possible,n,outcome,
1685,,adj,possible,n,source,
1686,,adj,potential,n,benefits,
1687,,adj,potential,n,conflict,
1688,,adj,potential,n,customer,
1689,,adj,potential,n,harm,
1690,,adj,potential,n,impact,
1691,,adj,potential,n,problem,
1692,,adj,potential,n,risk,
1693,,adj,potential,n,source,
1694,,adj,potential,n,value,
1695,,adv,potentially,adj,dangerous,
1696,,adj,powerful,n,force,
1697,,adj,powerful,n,group,
1698,,adj,powerful,n,influence,
1699,(a),adj,powerful,n,tool,(for)
1700,,adj,practical,n,consideration,
1701,,adj,practical,n,difficulties,
1702,,adj,practical,n,issue,
1703,,adj,practical,n,significance,
1704,,adj,preceding,n,chapter,
1705,,adj,preceding,n,discussion,
1706,,adj,preceding,n,section,
1707,,adj,precise,n,definition,
1708,,adj,precise,n,nature,
1709,,adj,predictive,n,power,
1710,,adj,preferential,n,treatment,
1711,,adj,preliminary,n,data,
1712,,adj,preliminary,n,findings,
1713,,adj,preliminary,n,result,
1714,,adj,premature,n,death,
1715,,adj,present,n,context,
1716,,v,present,n,data,
1717,,v,present,n,difficulties,
1718,,v,present,n,evidence,
1719,,v,present,n,(a) challenge,
1720,,v,present,n,(a) summary,
1721,,v,present,n,(an) argument,
1722,,adj,presidential,n,election,
1723,,adj,previous,n,chapter,
1724,,adj,previous,n,decade,
1725,,adj,previous,n,discussion,
1726,,adj,previous,n,experience,
1727,,adj,previous,n,generation,
1728,,adj,previous,n,knowledge,
1729,,adj,previous,n,paragraph,
1730,,adj,previous,n,part,
1731,,adj,previous,n,research,
1732,,adj,previous,n,section,
1733,,adj,previous,n,study,
1734,,adj,previous,n,work,
1735,,adv,previously,vpp,described,
1736,,adv,previously,vpp,discussed,
1737,,adv,previously,vpp,known,
1738,,adv,previously,vpp,mentioned,
1739,,adv,previously,vpp,thought,
1740,(be),adv,primarily,vpp,concerned,(with)
1741,(be),adv,primarily,adj,responsible,(for)
1742,,adj,primary,n,aim,
1743,,adj,primary,n,care,
1744,,adj,primary,n,concern,
1745,,adj,primary,n,data,
1746,,adj,primary,n,education,
1747,,adj,primary,n,focus,
1748,,adj,primary,n,function,
1749,,adj,primary,n,objective,
1750,,adj,primary,n,purpose,
1751,,adj,primary,n,reason,
1752,,adj,primary,n,research,
1753,,adj,primary,n,responsibility,
1754,,adj,primary,n,source,
1755,,adj,primary,n,task,
1756,,adj,prime,n,example,
1757,,adj,prime,n,time,
1758,,adj,principal,n,source,
1759,,adj,prior,n,experience,
1760,,adj,prior,n,knowledge,
1761,,adj,private,n,individual,
1762,,adj,private,n,investment,
1763,,adj,private,n,sector,
1764,,adj,private,n,sphere,
1765,,adj,privileged,n,position,
1766,,n,problem,n,area,
1767,,v,process,n,data,
1768,,v,process,n,information,
1769,,adj,professional,n,activity,
1770,,adj,professional,n,body,
1771,,adj,professional,n,colleague,
1772,(the),adj,professional,n,development,(of)
1773,,adj,professional,n,experience,
1774,,adj,professional,n,knowledge,
1775,(the),adj,professional,n,practice,(of)
1776,,adj,professional,n,qualification,
1777,,adj,professional,n,staff,
1778,(a high),adj,professional,n,standard,
1779,,adj,professional,n,status,
1780,,adj,professional,n,support,
1781,,adj,professional,n,training,
1782,,adj,professional,n,work,
1783,,adj,profound,n,effect,
1784,(have a),adj,profound,n,impact,(in/on)
1785,,adj,prominent,n,feature,
1786,,adj,prominent,n,member,
1787,,adj,prominent,n,role,
1788,,v,promote,n,equality,
1789,,v,promote,n,(the) development,(of)
1790,(be),adv,properly,vpp,understood,
1791,,adj,proposed,n,legislation,
1792,,v,prove,adj,successful,
1793,,v,prove,adj,useful,
1794,,v,provide,n,access,(to)
1795,,v,provide,n,assistance,
1796,,v,provide,n,care,
1797,,v,provide,n,context,
1798,,v,provide,n,coverage,
1799,,v,provide,n,data,
1800,,v,provide,n,evidence,
1801,,v,provide,n,feedback,
1802,,v,provide,n,guidance,
1803,,v,provide,n,information,
1804,,v,provide,n,material,
1805,,v,provide,n,resources,
1806,,v,provide,n,support,
#1807,,v,provide,n,feedback,		DUPLICATE!!!
1808,,v,provide,n,(an) insight,(into)
1809,,v,provide,n,(a) benefit,
1810,,v,provide,n,(a) clue,
1811,,v,provide,n,(a) focus,
1812,,v,provide,n,(a) foundation,(for)
1813,,v,provide,n,(a) service,
1814,,v,provide,n,(a) source,
1815,,v,provide,n,(a) summary,
1816,,v,provide,n,(an) alternative,(to)
1817,,v,provide,n,(an) example,
1818,,v,provide,n,(an) explanation,
1819,,v,provide,n,(an) illustration,
1820,,v,provide,n,(an) indication,(of)
1821,,v,provide,n,(an) opportunity,
1822,,v,provide,n,(an) overview,(of)
1823,,adj,public,n,access,
1824,,adj,public,n,administration,
1825,,adj,public,n,attitudes,
1826,,adj,public,n,authority,
1827,,adj,public,n,awareness,
1828,,adj,public,n,debate,
1829,,adj,public,n,discourse,
1830,,adj,public,n,display,
1831,,adj,public,n,domain,
1832,,adj,public,n,expenditure,
1833,,adj,public,n,funds,
1834,,adj,public,n,image,
1835,,adj,public,n,institution,
1836,,adj,public,n,perception,
1837,,adj,public,n,policy,
1838,,adj,public,n,sector,
1839,,adj,public,n,sphere,
1840,,adj,public,n,transport,
1841,,adj,public,n,welfare,
1842,,adv,publicly,adj,available,
1843,,v,publish,n,research,
1844,,v,publish,n,(a) journal,
1845,,v,publish,n,(a) report,
1846,,v,publish,n,(an) article,
1847,,adj,published,n,literature,
1848,,adj,published,n,material,
1849,,adj,published,n,research,
1850,,adj,published,n,work,
1851,,adj,purchasing,n,power,
1852,,adj,qualitative,n,analysis,
1853,,adj,qualitative,n,approach,
1854,,adj,qualitative,n,data,
1855,,adj,qualitative,n,method,
1856,,adj,qualitative,n,research,
1857,,adj,qualitative,n,study,
1858,,adv,qualitatively,adj,different,
1859,,adj,quantitative,n,analysis,
1860,,adj,quantitative,n,approach,
1861,,adj,quantitative,n,data,
1862,,adj,quantitative,n,method,
1863,,adj,quantitative,n,research,
1864,,adj,quantitative,n,result,
1865,,adj,quantitative,n,study,
1866,,adj,racial,n,difference,
1867,,adj,racial,n,discrimination,
1868,,adj,racial,n,equality,
1869,,adj,racial,n,group,
1870,,adj,racial,n,stereotype,
1871,,adj,radical,n,change,
1872,,adj,radical,n,critique,
1873,,adj,radical,n,difference,
1874,,adj,radical,n,transformation,
1875,,adv,radically,adj,different,
1876,,v,raise,n,awareness,
1877,,v,raise,n,(a) question,
1878,,v,raise,n,(an) issue,
1879,,adj,random,n,error,
1880,,adj,random,n,sample,
1881,,adj,random,n,variable,
1882,(be),adv,randomly,vpp,assigned,(to)
1883,(be),adv,randomly,vpp,chosen,
1884,(be),adv,randomly,vpp,selected,
1885,,adj,rapid,n,expansion,
1886,,adv,rapidly,adj,changing,
1887,,adv,rapidly,adj,growing,
1888,,adj,raw,n,data,
1889,,v,reach,n,(a) consensus,
1890,,v,reach,n,(a) peak,
1891,,v,reach,n,(an) agreement,
1892,,adv,readily,adj,accessible,
1893,,adv,readily,adj,available,
1894,(be),adv,readily,vpp,understood,
1895,,adj,ready,n,access,
1896,,adj,real,n,issue,
1897,,v,receive,n,feedback,(from)
1898,,v,receive,n,information,(from)
1899,,v,receive,n,treatment,
1900,(in),adj,recent,n,decades,
1901,,adj,recent,n,evidence,
1902,,adj,recent,n,research,
1903,,adj,recent,n,study,
1904,,adj,recent,n,survey,
1905,,adj,reciprocal,n,relationship,
1906,,v,record,n,data,
1907,(a),adj,recurrent,n,theme,
1908,,v,reduce,n,emissions,(of)
1909,,v,reduce,n,stress,
1910,,v,reduce,n,(the) likelihood,
1911,,adj,reflective,n,practice,
1912,,adj,reflective,n,question,
1913,,adj,regional,n,development,
1914,,adj,regional,n,difference,
1915,,adj,regional,n,variation,
1916,,adj,regulatory,n,agency,
1917,,adj,regulatory,n,framework,
1918,,adj,related,n,activity,
1919,,adj,related,n,area,
1920,,adj,related,n,aspect,
1921,,adj,related,n,factor,
1922,,adj,related,n,information,
1923,,adj,related,n,issue,
1924,,adj,related,n,problem,
1925,,adj,related,n,question,
1926,,adj,related,n,topic,
1927,,adj,relative,n,autonomy,
1928,,adj,relative,n,merits,
1929,,adj,relative,n,status,
1930,(be),adv,relatively,adj,common,
1931,,adv,relatively,adj,constant,
1932,,adv,relatively,adj,few,
1933,(be),adv,relatively,adj,high,
1934,,adv,relatively,adj,little,
1935,,adv,relatively,adj,low,
1936,(be),adv,relatively,adj,minor,
1937,(be),adv,relatively,adj,rare,
1938,(be),adv,relatively,adj,recent,
1939,(be),adv,relatively,adj,simple,
1940,(be),adv,relatively,adj,stable,
1941,(be),adv,relatively,adj,straightforward,
1942,,adj,relevant,n,data,
1943,,adj,relevant,n,factors,
1944,,adj,relevant,n,information,
1945,,adj,relevant,n,issue,
1946,,adj,relevant,n,literature,
1947,,adj,relevant,n,material,
1948,,adj,reliable,n,data,
1949,,adj,reliable,n,information,
1950,,adj,religious,n,belief,
1951,,adj,religious,n,faith,
1952,,adj,religious,n,freedom,
1953,,adj,religious,n,group,
1954,,adj,religious,n,identity,
1955,,adj,religious,n,movement,
1956,,adj,religious,n,practice,
1957,,v,rely,adv,heavily,(on)
1958,,v,remain,adj,constant,
1959,,v,remain,adj,stable,
1960,,v,remain,adj,unchanged,
1961,,v,remain,adj,unclear,
1962,(be),adv,remarkably,adj,similar,
1963,,adj,renewable,n,energy,
1964,,adj,renewed,n,interest,
1965,,v,report,n,data,
1966,,v,report,n,findings,
1967,,adj,representative,n,government,
1968,,v,require,n,consideration,
1969,,v,require,n,knowledge,
1970,,v,require,n,resources,
1971,,n,research,n,effort,
1972,,n,research,n,evidence,
1973,,n,research,n,findings,
1974,,n,research,n,methodology,
1975,(for),n,research,n,purposes,
1976,,n,research,n,topic,
1977,,v,resolve,n,(a) conflict,
1978,,v,resolve,n,(a) dispute,
1979,,v,respond,adv,appropriately,
1980,,v,review,n,(a) study,
1981,,adj,revised,n,edition,
1982,,adj,revised,n,version,
1983,,adj,rich,n,source,
1984,,adj,rising,n,cost,
1985,,n,risk,n,assessment,
1986,,adv,roughly,adj,equal,
1987,,adj,roughly,n,equivalent,
1988,,adj,ruling,n,class,
1989,,adj,ruling,n,party,
1990,,adj,rural,n,area,
1991,,adj,rural,n,community,
1992,,adj,rural,n,economy,
1993,,adj,rural,n,population,
1994,,adj,rural,n,society,
1995,,adj,safe,n,sex,
1996,,adj,salient,n,characteristic,
1997,,adj,salient,n,feature,
1998,,adj,scarce,n,resources,
1999,,adj,schematic,n,representation,
2000,,adj,scholarly,n,journal,
2001,,adj,scholarly,n,literature,
2002,,adj,scholarly,n,research,
2003,,adj,scholarly,n,work,
2004,,adj,scientific,n,community,
2005,,adj,scientific,n,discourse,
2006,,adj,scientific,n,evidence,
2007,,adj,scientific,n,investigation,
2008,,adj,scientific,n,method,
2009,,adj,scientific,n,objectivity,
2010,,adj,scientific,n,research,
2011,,adj,scientific,n,theory,
2012,,adj,secondary,n,data,
2013,,adj,secondary,n,education,
2014,,adj,secondary,n,source,
2015,,n,security,n,policy,
2016,,v,seek,n,help,
2017,,v,seek,n,information,
2018,,v,seem,adj,appropriate,
2019,,v,seem,adj,obvious,
2020,,v,seem,adj,plausible,
2021,,v,seem,adj,unlikely,
2022,,adj,seminal,n,study,
2023,,adj,seminal,n,work,
2024,,adj,senior,n,management,
2025,,adj,separate,n,entity,
2026,,adj,serious,n,challenge,
2027,,adj,serious,n,consequences,
2028,,adj,serious,n,offence,
2029,,v,serve,n,(a) function,
2030,,n,service,n,sector,
2031,,v,set,n,(a) goal,
2032,,v,set,n,(a) target,
2033,,v,set,n,(an) objective,
2034,,v,set,n,(the) agenda,
2035,,v,set,n,(the) parameters,
2036,,adv,severely,v,affect,
2037,,adj,sexual,n,abuse,
2038,,adj,sexual,n,act,
2039,,adj,sexual,n,behaviour,
2040,,adj,sexual,n,contact,
2041,,adj,sexual,n,difference,
2042,,adj,sexual,n,exploitation,
2043,,adj,sexual,n,identity,
2044,,adj,sexual,n,intercourse,
2045,,adj,sexual,n,orientation,
2046,,adj,sexual,n,violence,
2047,,v,share,n,information,
2048,,adj,shared,n,experience,
2049,,adj,shared,n,meaning,
2050,,adj,shared,n,values,
2051,,adj,sharp,n,contrast,
2052,,adj,sharp,n,distinction,
2053,,v,shift ,n,emphasis,
2054,,adj,short,n,duration,
2055,,adj,short,n,period,
2056,,v,show,n,evidence,
2057,,v,show,n,variation,
2058,,v,show,n,(a) tendency,
2059,,v,show,n,(a) trend,
2060,,v,sign,n,(a) treaty,
2061,(a),adj,significant,n,amount,(of)
2062,,adj,significant,n,change,
2063,,adj,significant,n,contribution,
2064,,adj,significant,n,correlation,
#2065,,adj,significant,n,correlation,		DUPLICATE!!!!
2066,(a),adj,significant,n,degree,(of)
2067,,adj,significant,n,development,
2068,,adj,significant,n,difference,(between)
2069,,adj,significant,n,effect,
2070,,adj,significant,n,factor,
2071,,adj,significant,n,feature,
2072,,adj,significant,n,figures,
2073,,adj,significant,n,growth,
2074,,adj,significant,n,impact,
2075,(a),adj,significant,n,improvement,(in)
2076,(a),adj,significant,n,increase,(in)
2077,,adj,significant,n,influence,
2078,,adj,significant,n,interaction,
2079,(a),adj,significant,n,number,(of)
2080,(a),adj,significant,n,part,(of)
2081,(a),adj,significant,n,portion,(of)
2082,(a),adj,significant,n,proportion,(of)
2083,,adj,significant,n,reduction,(in/of)
2084,,adj,significant,n,relationship,
2085,(a),adj,significant,n,role,(in)
2086,,adj,significant,n,shift,(in)
2087,,adj,significant,n,variation,
2088,,adv,significantly,v,affect,
2089,(be),adv,significantly,vpp,correlated,(with)
2090,,adv,significantly,adj,higher,
2091,,adv,significantly,v,increase,
2092,(be),adv,significantly,vpp,reduced,
2093,,adj,similar,n,approach,
2094,,adj,similar,n,argument,
2095,(have),adj,similar,n,characteristics,(to)
2096,(a),adj,similar,n,effect,(on)
2097,,adj,similar,n,issue,
2098,,adj,similar,n,pattern,
2099,,adj,similar,n,properties,
2100,,adj,similar,n,result,
2101,,adj,similar,n,situation,
2102,,adj,simple,n,majority,
2103,(a),adj,simplified,n,version,
2104,,adj,single,n,currency,
2105,,adj,single,n,element,
2106,,adj,single,n,entity,
2107,,adj,single,n,individual,
2108,,adj,single,n,issue,
2109,,adj,single,n,source,
2110,,adj,single,n,variable,
2111,,adj,skilled,n,worker,
2112,,adv,slightly,adj,different,
2113,,adv,slightly,adj,higher,
2114,,adj,slow,n,process,
2115,(a),adj,small,n,fraction,(of)
2116,(a),adj,small,n,minority,(of)
2117,(a),adj,small,n,percentage,(of)
2118,(a),adj,small,n,portion,(of)
2119,(a),adj,small,n,proportion,(of)
2120,,adj,small,n,quantities,(of)
2121,,adj,social,n,activity,
2122,,adj,social,n,aspect,
2123,,adj,social,n,attitudes,
2124,,adj,social,n,background,
2125,,adj,social,n,behaviour,
2126,,adj,social,n,circumstances,
2127,,adj,social,n,conflict,
2128,,adj,social,n,consequences,
2129,,adj,social,n,construct,
2130,,adj,social,n,contact,
2131,,adj,social,n,context,
2132,,adj,social,n,democracy,
2133,,adj,social,n,dimension,
2134,,adj,social,n,environment,
2135,,adj,social,n,equality,
2136,,adj,social,n,exclusion,
2137,,adj,social,n,expectations,
2138,,adj,social,n,factors,
2139,,adj,social,n,function,
2140,,adj,social,n,identity,
2141,,adj,social,n,implications,
2142,,adj,social,n,inequality,
2143,,adj,social,n,institution,
2144,,adj,social,n,integration,
2145,,adj,social,n,interaction,
2146,,adj,social,n,isolation,
2147,,adj,social,n,mobility,
2148,,adj,social,n,movement,
2149,,adj,social,n,norm,
2150,,adj,social,n,organization,
2151,,adj,social,n,phenomenon,
2152,,adj,social,n,policy,
2153,,adj,social,n,reform,
2154,,adj,social,n,relationship,
2155,,adj,social,n,responsibility,
2156,,adj,social,n,setting,
2157,,adj,social,n,significance,
2158,,adj,social,n,status,
2159,,adj,social,n,structure,
2160,,adj,social,n,theory,
2161,,adj,social,n,transformation,
2162,,adj,social,n,trend,
2163,,adj,social,n,welfare,
2164,,adv,socially,adj,acceptable,
2165,(be),adv,socially,vpp,constructed,
2166,,adv,socially,adj,desirable,
2167,,adv,socially,adj,responsible,
2168,,adj,socioeconomic,n,status,
2169,,adj,solar,n,energy,
2170,,adj,solar,n,panel,
2171,,adj,solar,n,power,
2172,,adj,solar,n,system,
2173,,n,source,n,material,
2174,,adj,sovereign,n,state,
2175,(be),adv,sparsely,vpp,populated,
2176,,adj,special,n,circumstances,
2177,,adj,special,n,emphasis,
2178,,adj,special,n,issue,
2179,,adj,special,n,relationship,
2180,,adj,special,n,status,
2181,,adj,specific,n,area,
2182,,adj,specific,n,aspect,
2183,,adj,specific,n,case,
2184,,adj,specific,n,characteristic,
2185,,adj,specific,n,context,
2186,,adj,specific,n,example,
2187,,adj,specific,n,factor,
2188,,adj,specific,n,feature,
2189,,adj,specific,n,focus,
2190,,adj,specific,n,form,
2191,,adj,specific,n,function,
2192,,adj,specific,n,information,
2193,,adj,specific,n,issue,
2194,,adj,specific,n,knowledge,
2195,,adj,specific,n,meaning,
2196,(the),adj,specific,n,needs,(of)
2197,,adj,specific,n,problem,
2198,,adj,specific,n,purpose,
2199,,adj,specific,n,question,
2200,,adj,specific,n,reference,
2201,,adj,specific,n,sense,
2202,,adj,specific,n,type,
2203,(be) ,adv,specifically,vpp,designed,(to/for)
2204,,adj,standard,n,approach,
2205,,adj,standard,n,error,
2206,,adj,standard,n,format,
2207,,adj,standard,n,method,
2208,(in),adj,stark,n,contrast,(to)
2209,,v,start,n,(a) process,
2210,,v,state,adv,explicitly,
2211,,n ,state,n,sector,
2212,,adj,statistical,n,analysis,
2213,,adj,statistical,n,data,
2214,,adj,statistical,n,information,
2215,,adj,statistical,n,method,
2216,,adj,statistical,n,significance,
2217,,adj,statistical,n,technique,
2218,,adj,statistical,n,test,
2219,,adv,statistically,adj,significant,
2220,,v,store,n,data,
2221,,v,store,n,information,
2222,,adj,strategic,n,decision,
2223,,adj,strategic,n,importance,
2224,,adj,strategic,n,management,
2225,,adj,strategic,n,objective,
2226,,adj,strategic,n,planning,
2227,,n,stress,n,level,
2228,,adj,striking,n,contrast,
2229,,adj,striking,n,example,
2230,,adj,striking,n,feature,
2231,,adj,strong,n,bond,
2232,,adj,strong,n,correlation,
2233,,adj,strong,n,emphasis,
2234,,adj,strong,n,evidence,
2235,,adj,strong,n,link,
2236,,adj,strong,n,reaction,
2237,,adj,strong,n,relationship,
2238,,adj,strong,n,tendency,
2239,,adv,strongly,v,agree,
2240,(be),adv,strongly,vpp,associated,(with)
2241,(be),adv,strongly,vpp,correlated,(with)
2242,,adv,strongly,v,disagree,
2243,(be),adv,strongly,vpp,influenced,(by)
2244,(be),adv,strongly,vpp,linked,
2245,(be),adv,strongly,vpp,opposed,
2246,(be),adv,strongly,vpp,related,(to)
2247,,adv,strongly,v,suggest,
2248,,adj,structural,n,adjustment,
2249,,adj,structural,n,change,
2250,,adj,structural,n,element,
2251,,adj,structural,n,feature,
2252,,adj,structural,n,properties,
2253,,adj,subject,n,area,
2254,,adj,subsequent,n,analysis,
2255,,adj,subsequent,n,chapter,
2256,,adj,subsequent,n,development,
2257,,adj,subsequent,n,study,
2258,,adj,subsequent,n,work,
2259,(a),adj,substantial,n,amount,(of)
2260,,adj,substantial,n,difference,
2261,,adj,substantial,n,evidence,
2262,,adj,substantial,n,number,
2263,,adj,substantial,n,part,
2264,,adv,substantially,adj,different,
2265,,adj,successful,n,implementation,
2266,,adj,sufficient,n,condition,
2267,,adj,sufficient,n,detail,
2268,,adj,sufficient,n,evidence,
2269,,adj,sufficient,n,information,
2270,,adj,sufficient,n,resources,
2271,,adj,superior,n,performance,
2272,,v,support,n,(an) argument,
2273,,adj,supporting,n,evidence,
2274,,n,survey,n,data,
2275,(a),adj,symbiotic,n,relationship,
2276,,adj,systematic,n,analysis,
2277,,adj,systematic,n,approach,
2278,,adj,systematic,n,study,
2279,,adj,tacit,n,knowledge,
2280,,v,take,n,initiative,
2281,,v,take,n,precedence,(over)
2282,,v,take,n,responsibility,
2283,,v,take,n,(a) role,(in)
2284,,v,take,n,(an) approach,
2285,,v,take into,n,consideration,
2286,,v,take on,n,(the) role,(of/as)
2287,,v,take up,n,(the) role,(of/as)
2288,,n,target,n,audience,
2289,,n,teaching,n,strategy,
2290,,adj,technical,n,aspect,
2291,,adj,technical,n,assistance,
2292,,adj,technical,n,detail,
2293,,adj,technical,n,expertise,
2294,,adj,technical,n,issue,
2295,,adj,technical,n,knowledge,
2296,,adj,technical,n,problem,
2297,,adj,technical,n,skill,
2298,,adj,technical,n,support,
2299,,adj,technical,n,term,
2300,,adj,technological,n,advances,
2301,,adj,technological,n,change,
2302,,adj,technological,n,development,
2303,,adj,technological,n,innovation,
2304,,adj,technological,n,progress,
2305,,n,test,n,score,
2306,,v,test,n,(a) theory,
2307,,adj,textual,n,analysis,
2308,,adj,thematic,n,analysis,
2309,,adj,theoretical,n,analysis,
2310,,adj,theoretical,n,approach,
2311,,adj,theoretical,n,basis,
2312,,adj,theoretical,n,concept,
2313,,adj,theoretical,n,debate,
2314,,adj,theoretical,n,framework,
2315,,adj,theoretical,n,issue,
2316,,adj,theoretical,n,model,
2317,,adj,theoretical,n,perspective,
2318,,adj,theoretical,n,study,
2319,,adj,theoretical,n,understanding,
2320,,adj,theoretical,n,work,
2321,,v,think,adv,differently,
2322,,n,thinking,n,process,
2323,,adj,third,n,party,
2324,,n,thought,n,process,
2325,(be),adv,tightly,vpp,controlled,
2326,,adj,top,n,management,
2327,,adj,total,n,income,
2328,,adv,totally,adj,different,
2329,,adj,traditional,n,approach,
2330,,adj,traditional,n,culture,
2331,,adj,traditional,n,form,
2332,,adj,traditional,n,method,
2333,,adj,traditional,n,practice,
2334,,adj,traditional,n,research,
2335,,adj,traditional,n,society,
2336,,adj,traditional,n,value,
2337,,adj,traditional,n,view,
2338,,adj,transferable,n,skill,
2339,,v,transmit,n,data,
2340,,v,transmit,n,information,
2341,,n,transport,n,system,
2342,,v,treat,adv,differently,
2343,,v,treat,adv,equally,
2344,,adj,typical,n,example,
2345,,adj,ultimate,n,goal,
2346,,adj,undergo,n,transformation,
2347,,adj,underlying,n,assumption,
2348,,adj,underlying,n,cause,
2349,,adj,underlying,n,principle,
2350,,adj,underlying,n,process,
2351,,adj,underlying,n,reason,
2352,,adj,underlying,n,structure,
2353,,v,undertake,n,research,
2354,,v,undertake,n,work,
2355,,v,undertake,n,(an) activity,
2356,,adj,unequal,n,power,
2357,,adj,unfair,n,treatment,
2358,,adj,unintended,n,consequences,
2359,,adj,unique,n,individual,
2360,,adj,unique,n,opportunity,
2361,,adj,unique,n,position,
2362,(be),adv,universally,vpp,accepted,
2363,,adj,unlimited,n,access,
2364,,adj,unskilled,n,worker,
2365,,adj,urban,n,area,
2366,,adj,urban,n,centre,
2367,,adj,urban,n,design,
2368,,adj,urban,n,development,
2369,,adj,urban,n,environment,
2370,,v,use,n,criteria,
2371,,v,use,adv,effectively,
2372,,v,use,n,resources,
2373,,v,use,adv,sparingly,
2374,,v,use,n,statistics,
2375,,v,use,n,(a) format,
2376,,v,use,n,(a) method,
2377,,v,use,n,(a) methodology,
2378,,v,use,n,(a) procedure,
2379,,v,use,n,(a) source,
2380,,v,use,n,(a) strategy,
2381,,v,use,n,(a) technique,
2382,,v,use,n,(a) theory,
2383,,v,use,n,(an) approach,
2384,,v,use,n,(the) analysis,
2385,,v,use,n,(the) definition,
2386,,v,use,n,(the) concept,
2387,,v,use,n,(the) data,(from)
2388,,adj,useful,n,information,
2389,,adj,useful,n,material,
2390,,adj,useful,n,means,
2391,,adj,useful,n,source,
2392,,adj,useful,n,summary,
2393,(a),adj,useful,n,tool,
2394,,adj,valid,n,argument,
2395,(provide),adj,valuable,n,information,
2396,,adj,valuable,n,resources,
2397,,adj,various,n,aspects,
2398,,v,vary,adv,considerably,
2399,,v,vary,adv,greatly,
2400,,v,vary,adv,significantly,
2401,,v,vary,adv,widely,
2402,(to a),adj,varying,n,degree,
2403,(a),adj,vast,n,amount,(of)
2404,,adj,vast,n,area,
2405,(a),adj,vast,n,array,(of)
2406,(the),adj,vast,n,majority,(of)
2407,,adj,vast,n,number,
2408,,adj,vast,n,quantities,(of)
2409,(a),adj,vast,n,range,(of)
2410,,adj,verbal,n,communication,
2411,,adj,verbal,n,language,
2412,(a),adj,vested,n,interest,(in)
2413,,adj,virtual,n,community,
2414,(be),adv,virtually,adj,impossible,
2415,,adj,visual,n,image,
2416,,adj,visual,n,media,
2417,,adj,visual,n,perception,
2418,,adj,visual,n,representation,
2419,(be of),adj,vital,n,importance,
2420,(a),adj,vital,n,part,(of)
2421,(to play a),adj,vital,n,role,(in)
2422,,adj,vulnerable,n,group,
2423,,n,welfare,n,reform,
2424,(be),adv,well,adj,aware,(of)
2425,(be),adv,well,vpp,designed,
2426,(be),adv,well,vpp,documented,
2427,(be),adv,well,vpp,educated,
2428,(be),adv,well,vpp,established,
2429,(be),adv,well,vpp,received,
2430,,adj,western,n,democracy,
2431,,adj,western,n,society,
2432,,adj,western,n,tradition,
2433,,adj,whole,n,area,
2434,,adj,whole,n,period,
2435,(a),adj,whole,n,range,(of)
2436,,adj,wide,n,area,
2437,(a),adj,wide,n,array,(of)
2438,(a),adj,wide,n,range,(of)
2439,,adj,wide,n,variation,
2440,(be),adv,widely,vpp,accepted,
2441,(be),adv,widely,vpp,adopted,
2442,(be),adv,widely,adj,available,
2443,(be),adv,widely,vpp,believed,
2444,(be),adv,widely,adj,different,
2445,(be),adv,widely,vpp,discussed,
2446,(be),adv,widely,vpp,dispersed,
2447,(be),adv,widely,vpp,distributed,
2448,(be),adv,widely,vpp,known,
2449,(be),adv,widely,vpp,read,
2450,(be),adv,widely,vpp,recognized,
2451,(be),adv,widely,vpp,regarded,(as)
2452,(be),adv,widely,vpp,shared,
2453,(be),adv,widely,vpp,used,
2454,,adj,wider,n,audience,
2455,,adj,wider,n,community,
2456,,adj,wider,n,context,
2457,(have),adj,wider,n,implications,
2458,,adj,wider,n,issue,
2459,,adj,wider,n,public,
2460,,adj,wider,n,society,
2461,,adj,widespread,n,acceptance,
2462,,adj,widespread,n,belief,
2463,,adj,widespread,n,support,
2464,,adj,widespread,n,use,
2465,,v,work,adv,effectively,
2466,,adj,written,n,comment,
2467,,adj,written,n,communication,
2468,(a),adj,written,n,statement,
2469,(the),adj,younger,n,generation,